group	fill
1	#F6F2FB
2	#F1EBFA
3	#F8F5FC
4	#FFF8F6
5	#FFF0EB
6	#FFD9CD
7	#FFE3DA
8	#FFE3DB
9	#F4F0FB
10	#E5DBF5
11	#FAF8FD
12	#FFFEFD
13	#FFF3F0
14	#FEFEFF
15	#FFE8E1
16	#FFF1EC
17	#FCFBFE
18	#FDFDFE
19	#FFFBF9
20	#FEFEFF
21	#FFF8F6
22	#FFFDFC
23	#F2EDFA
24	#F0EAF9
25	#F7F4FC
26	#ECE4F8
27	#F6F3FC
28	#FAF8FD
29	#FAF7FD
30	#FFEEE8
31	#FDFCFE
32	#F4EFFB
33	#FFFEFF
34	#E6DCF5
35	#FCFBFE
36	#FFFDFC
37	#FFF6F3
38	#FCFAFE
39	#D4C3EE
40	#CCB9EB
41	#CCB9EA
42	#FFFFFF
43	#FDFCFE
44	#F7F3FC
45	#EFE8F9
46	#F5F1FB
47	#DCCFF1
48	#C9B4E9
49	#F7F4FC
50	#ECE4F7
51	#FCFBFE
52	#EEE7F8
53	#FAF7FD
54	#FFF1ED
55	#FFFCFB
56	#F4EFFB
57	#D9C9F0
58	#E6DCF5
59	#FAF8FD
60	#FDFCFE
61	#FFF8F5
62	#FCFAFE
63	#B79EE2
64	#D3C3ED
65	#C0A9E5
66	#FFFFFF
67	#FFFFFF
68	#F8F5FC
69	#EFE8F9
70	#F3EEFA
71	#D8C8EF
72	#CEBCEB
73	#F5F0FB
74	#DBCDF0
75	#F6F2FB
76	#DCCEF1
77	#EBE3F7
78	#FFFCFB
79	#F0E9F9
80	#F9F7FD
81	#F8F5FC
82	#E8DEF6
83	#FCFBFE
84	#FFFAF9
85	#F6F3FC
86	#FFFAF9
87	#D8C8EF
88	#C4AEE7
89	#C2ACE7
90	#FFF8F6
91	#FEFEFF
92	#E9E0F6
93	#EEE7F8
94	#DED1F2
95	#D3C1ED
96	#CAB5E9
97	#FFFBF9
98	#EBE2F7
99	#EFE9F9
100	#E8DFF6
101	#E8DFF6
102	#FFFCFB
103	#FBFAFD
104	#F4F0FB
105	#FBFAFD
106	#FFFCFB
107	#FFF8F6
108	#FFF9F7
109	#F6F3FC
110	#FFF5F2
111	#DACBF0
112	#B69DE2
113	#C0A9E6
114	#FFF5F1
115	#F4F0FB
116	#CAB6EA
117	#DCCFF1
118	#C4AFE7
119	#C7B2E8
120	#CEBBEB
121	#FFFDFC
122	#FFFDFD
123	#FFFAF8
124	#F4EFFB
125	#E0D3F2
126	#FFF3F0
127	#FFEFEB
128	#FFF9F7
129	#FBFAFD
130	#EFE8F8
131	#FFFAF8
132	#FFFDFC
133	#FFFFFE
134	#E0D4F3
135	#FBFAFD
136	#B69DE2
137	#C0A9E6
138	#FFF7F4
139	#DDCFF1
140	#BCA4E4
141	#BAA2E3
142	#B9A0E3
143	#D3C2ED
144	#DDD0F1
145	#FFFBF9
146	#DFD2F2
147	#FFF5F2
148	#FFFBFA
149	#EAE1F6
150	#FFFAF9
151	#FFFFFE
152	#FFF7F5
153	#F7F4FC
154	#F2EDFA
155	#ECE4F7
156	#FFFBF9
157	#FAF8FD
158	#F6F2FB
159	#FFF9F7
160	#C6B1E8
161	#B79EE2
162	#ECE4F8
163	#CBB8EA
164	#D1BFEC
165	#AE93DE
166	#C8B3E9
167	#D7C7EF
168	#E3D8F4
169	#F7F4FC
170	#D5C5EE
171	#D2C0ED
172	#CCB9EA
173	#EAE1F6
174	#FBF9FD
175	#FFE9E2
176	#FFF8F5
177	#F9F7FD
178	#FFF1ED
179	#EBE2F7
180	#ECE4F8
181	#F7F4FC
182	#FDFCFE
183	#FFF9F7
184	#FFF1EC
185	#F7F4FC
186	#D3C2ED
187	#D6C6EF
188	#DACBF0
189	#D1BFED
190	#D5C5EE
191	#F6F2FB
192	#E1D5F3
193	#ECE4F7
194	#F4F0FB
195	#DFD2F2
196	#DFD2F2
197	#FFFDFC
198	#ECE4F8
199	#FFF5F2
200	#FFFFFF
201	#FFFEFE
202	#EAE1F7
203	#EBE2F7
204	#D0BDEC
205	#FFFEFE
206	#FFF5F2
207	#FFF7F5
208	#FFFBFA
209	#FFEEE9
210	#CCB9EA
211	#E0D4F3
212	#F4F0FB
213	#FAF8FD
214	#FFF7F5
215	#FFFDFD
216	#EBE3F7
217	#C4AEE7
218	#F5F0FB
219	#E3D7F4
220	#E3D8F4
221	#E0D3F2
222	#FFFCFA
223	#FFFDFC
224	#FCFBFE
225	#EAE1F6
226	#F1EBF9
227	#FAF8FD
228	#D2C1ED
229	#FDFCFE
230	#FFF7F4
231	#FFF2EE
232	#FFF3EF
233	#FFDACF
234	#BAA1E3
235	#CEBBEB
236	#FFF6F4
237	#FDFCFE
238	#FFFCFA
239	#F9F6FD
240	#F1EBFA
241	#EBE3F7
242	#EEE7F8
243	#EDE6F8
244	#FFF6F3
245	#FFF6F3
246	#FAF8FD
247	#FFF6F3
248	#FFFAF9
249	#F3EEFA
250	#EFE8F9
251	#F1EBF9
252	#EEE7F8
253	#FFF1ED
254	#FFF7F4
255	#FFF9F7
256	#FFE4DB
257	#FFDACF
258	#DBCDF1
259	#FFF2EE
260	#FFF3EF
261	#F2ECFA
262	#F5F1FB
263	#EAE1F7
264	#E5DBF5
265	#F0EAF9
266	#EDE6F8
267	#FFFFFF
268	#FFF1ED
269	#FFF1EC
270	#FFE7DF
271	#FFECE6
272	#FFFAF8
273	#F4F0FB
274	#FAF8FD
275	#F5F1FB
276	#FFFEFD
277	#F4F0FB
278	#FFE4DB
279	#FFE8E1
280	#FFF1EC
281	#FFE7DF
282	#FCFBFE
283	#FFFFFE
284	#FFFCFB
285	#FFFAF8
286	#F9F7FD
287	#F9F6FD
288	#F7F4FC
289	#EFE8F9
290	#DDCFF1
291	#E7DEF6
292	#FEFEFF
293	#FFF2EE
294	#F7F3FC
295	#FDFCFE
296	#FFFDFD
297	#F3EEFA
298	#FBF9FD
299	#FEFDFF
300	#EEE7F8
301	#FFF0EC
302	#FFF1ED
303	#FFFCFB
304	#FFE4DB
305	#FFD8CD
306	#FFFDFD
307	#FFE4DB
308	#FBFAFD
309	#FFFCFB
310	#EFE9F9
311	#EFE9F9
312	#F0EAF9
313	#FFD3C6
314	#E5DAF4
315	#F0E9F9
316	#EBE3F7
317	#FFF1EC
318	#FEFDFF
319	#FBFAFD
320	#FFFAF9
321	#FFFDFC
322	#FDFCFE
323	#FEFDFF
324	#E5DAF5
325	#FFF9F7
326	#FFF8F5
327	#FFDFD5
328	#FFF1ED
329	#FFF0EC
330	#FFF5F2
331	#FFF4F1
332	#FFFBFA
333	#FAF7FD
334	#F2EDFA
335	#F4EFFA
336	#E7DEF6
337	#FFC6B6
338	#ECE4F7
339	#F6F3FC
340	#DDCFF1
341	#FFFAF8
342	#FDFDFE
343	#FEFEFF
344	#FFFFFE
345	#FFF9F7
346	#FFFCFB
347	#FFFAF8
348	#FFDBD0
349	#FFFDFD
350	#FFEBE4
351	#FFF1ED
352	#FFDCD2
353	#FFFDFC
354	#FBFAFD
355	#FCFBFE
356	#F1EBF9
357	#F2EDFA
358	#F1EBF9
359	#FAF8FD
360	#DED1F2
361	#FFDED4
362	#FDFCFE
363	#F7F4FC
364	#E0D4F3
365	#F4EFFB
366	#FDFDFE
367	#FFF3F0
368	#FDFCFE
369	#F9F6FD
370	#FAF8FD
371	#FFF8F6
372	#FFE2D9
373	#FFFDFD
374	#FFFEFF
375	#FFF1ED
376	#FFF5F2
377	#FFF7F4
378	#FFEAE3
379	#FFFFFE
380	#F1EBF9
381	#F2ECFA
382	#EEE7F8
383	#FDFCFE
384	#F9F7FD
385	#FFEEE8
386	#FCFBFE
387	#F9F6FD
388	#FDFCFE
389	#FDFCFE
390	#FFFEFE
391	#FFEFE9
392	#FEFDFF
393	#FFF1EC
394	#F5F1FB
395	#F9F7FD
396	#FFECE6
397	#FEFDFF
398	#F2ECFA
399	#FFFDFC
400	#FFE8E0
401	#FFF7F4
402	#FFF3EF
403	#FFF2EE
404	#F3EEFA
405	#FAF8FD
406	#ECE3F7
407	#FCFBFE
408	#FEFDFF
409	#F3EEFA
410	#E7DEF6
411	#DDD0F1
412	#FFF5F2
413	#FFF3EF
414	#FFF1ED
415	#FFF7F4
416	#FFF5F2
417	#FEFEFF
418	#FFFCFB
419	#FDFCFE
420	#F0EAF9
421	#C2ACE6
422	#FFE4DB
423	#FEFEFF
424	#FFE3DA
425	#FFE7DF
426	#F6F3FC
427	#F5F1FB
428	#FFFDFC
429	#FAF8FD
430	#FFFEFF
431	#F8F5FC
432	#F4EFFA
433	#EFE8F9
434	#E9E0F6
435	#EBE2F7
436	#FFFFFF
437	#FFF5F2
438	#FFE1D8
439	#FFE7DF
440	#FFF8F6
441	#F8F5FC
442	#FFECE5
443	#9777D5
444	#F9F6FD
445	#C2ACE6
446	#9D7DD7
447	#EDE6F8
448	#FFFEFF
449	#FFF8F6
450	#FFFDFD
451	#F5F1FB
452	#FFF2EE
453	#FFF5F2
454	#FAF8FD
455	#F5F1FB
456	#E8DEF6
457	#FFF9F7
458	#E8DFF6
459	#EEE7F8
460	#F5F1FB
461	#FFE2D9
462	#FFF3F0
463	#FFFDFC
464	#F5F0FB
465	#FDFCFE
466	#D8C8EF
467	#9777D5
468	#FFF5F1
469	#B49AE1
470	#DFD2F2
471	#D0BEEC
472	#BBA3E4
473	#FFFAF8
474	#FFF5F1
475	#FFF1ED
476	#FFFBF9
477	#FFFCFB
478	#FFFDFC
479	#F4EFFB
480	#F8F5FC
481	#F9F7FD
482	#E7DEF6
483	#FAF8FD
484	#FFFCFB
485	#FFF2EE
486	#F9F6FC
487	#FFF8F6
488	#FFFEFF
489	#D1BFEC
490	#FFF1EC
491	#EBE3F7
492	#FFF8F6
493	#DACBF0
494	#EDE6F8
495	#C8B3E9
496	#CFBDEC
497	#AD91DE
498	#FFFCFB
499	#FFF5F2
500	#FFF3EF
501	#FFFCFA
502	#FFFEFF
503	#F0EAF9
504	#F7F4FC
505	#F5F1FB
506	#ECE4F8
507	#FAF7FD
508	#FFF6F4
509	#FFF0EC
510	#F9F6FC
511	#F5F1FB
512	#FEFDFF
513	#EEE7F8
514	#EEE7F8
515	#F8F5FC
516	#FFF9F7
517	#FFF1EC
518	#E8DFF6
519	#DACBF0
520	#C5AFE8
521	#A082D9
522	#FFF8F6
523	#FFFEFF
524	#FBF9FD
525	#FFF6F3
526	#FBFAFD
527	#F5F1FB
528	#F4EFFA
529	#F7F4FC
530	#ECE4F8
531	#EFE8F9
532	#F1EAF9
533	#FFD5C9
534	#FFF3F0
535	#FFFEFD
536	#FFFCFB
537	#E4D9F4
538	#FFFCFB
539	#FFFCFB
540	#FFFFFF
541	#FEFDFF
542	#F1EBF9
543	#C6B0E8
544	#C5AFE8
545	#A082D9
546	#FDFCFE
547	#FAF8FD
548	#FFFEFF
549	#FFFDFD
550	#FFF9F7
551	#F2ECFA
552	#F4EFFA
553	#FFFFFF
554	#F0EAF9
555	#FAF8FD
556	#FFFEFD
557	#FFE6DE
558	#FFF0EC
559	#FFF3F0
560	#FFFAF8
561	#FFFEFD
562	#FAF7FD
563	#FEFDFF
564	#FFFFFF
565	#FFFDFC
566	#FFF1EC
567	#C6B0E8
568	#B69CE1
569	#D7C8EF
570	#FBFAFD
571	#FAF8FD
572	#FFFEFE
573	#F1EBF9
574	#F9F7FD
575	#EDE6F8
576	#E4D9F4
