x	y	key	xmin	xmax	ymin	ymax	group
-113.8	-21.2	1-1	-115.052173913043	-112.547826086957	-22.4478260869565	-19.9521739130435	1
-113.8	1.26086956521739	1-10	-115.052173913043	-112.547826086957	0.0130434782608913	2.50869565217389	2
-113.8	3.75652173913044	1-11	-115.052173913043	-112.547826086957	2.50869565217394	5.00434782608694	3
-113.8	6.25217391304348	1-12	-115.052173913043	-112.547826086957	5.00434782608698	7.49999999999998	4
-113.8	8.74782608695653	1-13	-115.052173913043	-112.547826086957	7.50000000000003	9.99565217391303	5
-113.8	11.2434782608696	1-14	-115.052173913043	-112.547826086957	9.9956521739131	12.4913043478261	6
-113.8	13.7391304347826	1-15	-115.052173913043	-112.547826086957	12.4913043478261	14.9869565217391	7
-113.8	16.2347826086957	1-16	-115.052173913043	-112.547826086957	14.9869565217392	17.4826086956522	8
-113.8	18.7304347826087	1-17	-115.052173913043	-112.547826086957	17.4826086956522	19.9782608695652	9
-113.8	21.2260869565217	1-18	-115.052173913043	-112.547826086957	19.9782608695652	22.4739130434782	10
-113.8	23.7217391304348	1-19	-115.052173913043	-112.547826086957	22.4739130434783	24.9695652173913	11
-113.8	-18.704347826087	1-2	-115.052173913043	-112.547826086957	-19.9521739130435	-17.4565217391305	12
-113.8	26.2173913043478	1-20	-115.052173913043	-112.547826086957	24.9695652173913	27.4652173913043	13
-113.8	28.7130434782609	1-21	-115.052173913043	-112.547826086957	27.4652173913044	29.9608695652174	14
-113.8	31.2086956521739	1-22	-115.052173913043	-112.547826086957	29.9608695652174	32.4565217391304	15
-113.8	33.704347826087	1-23	-115.052173913043	-112.547826086957	32.4565217391305	34.9521739130435	16
-113.8	36.2	1-24	-115.052173913043	-112.547826086957	34.9521739130435	37.4478260869565	17
-113.8	-16.2086956521739	1-3	-115.052173913043	-112.547826086957	-17.4565217391304	-14.9608695652174	18
-113.8	-13.7130434782609	1-4	-115.052173913043	-112.547826086957	-14.9608695652174	-12.4652173913044	19
-113.8	-11.2173913043478	1-5	-115.052173913043	-112.547826086957	-12.4652173913043	-9.9695652173913	20
-113.8	-8.72173913043478	1-6	-115.052173913043	-112.547826086957	-9.96956521739128	-7.47391304347828	21
-113.8	-6.22608695652174	1-7	-115.052173913043	-112.547826086957	-7.47391304347824	-4.97826086956524	22
-113.8	-3.73043478260869	1-8	-115.052173913043	-112.547826086957	-4.97826086956519	-2.48260869565219	23
-113.8	-1.23478260869565	1-9	-115.052173913043	-112.547826086957	-2.48260869565215	0.0130434782608488	24
-91.2608695652174	-21.2	10-1	-92.5130434782608	-90.008695652174	-22.4478260869565	-19.9521739130435	25
-91.2608695652174	1.26086956521739	10-10	-92.5130434782608	-90.008695652174	0.0130434782608913	2.50869565217389	26
-91.2608695652174	3.75652173913044	10-11	-92.5130434782608	-90.008695652174	2.50869565217394	5.00434782608694	27
-91.2608695652174	6.25217391304348	10-12	-92.5130434782608	-90.008695652174	5.00434782608698	7.49999999999998	28
-91.2608695652174	8.74782608695653	10-13	-92.5130434782608	-90.008695652174	7.50000000000003	9.99565217391303	29
-91.2608695652174	11.2434782608696	10-14	-92.5130434782608	-90.008695652174	9.9956521739131	12.4913043478261	30
-91.2608695652174	13.7391304347826	10-15	-92.5130434782608	-90.008695652174	12.4913043478261	14.9869565217391	31
-91.2608695652174	16.2347826086957	10-16	-92.5130434782608	-90.008695652174	14.9869565217392	17.4826086956522	32
-91.2608695652174	18.7304347826087	10-17	-92.5130434782608	-90.008695652174	17.4826086956522	19.9782608695652	33
-91.2608695652174	21.2260869565217	10-18	-92.5130434782608	-90.008695652174	19.9782608695652	22.4739130434782	34
-91.2608695652174	23.7217391304348	10-19	-92.5130434782608	-90.008695652174	22.4739130434783	24.9695652173913	35
-91.2608695652174	-18.704347826087	10-2	-92.5130434782608	-90.008695652174	-19.9521739130435	-17.4565217391305	36
-91.2608695652174	26.2173913043478	10-20	-92.5130434782608	-90.008695652174	24.9695652173913	27.4652173913043	37
-91.2608695652174	28.7130434782609	10-21	-92.5130434782608	-90.008695652174	27.4652173913044	29.9608695652174	38
-91.2608695652174	31.2086956521739	10-22	-92.5130434782608	-90.008695652174	29.9608695652174	32.4565217391304	39
-91.2608695652174	33.704347826087	10-23	-92.5130434782608	-90.008695652174	32.4565217391305	34.9521739130435	40
-91.2608695652174	36.2	10-24	-92.5130434782608	-90.008695652174	34.9521739130435	37.4478260869565	41
-91.2608695652174	-16.2086956521739	10-3	-92.5130434782608	-90.008695652174	-17.4565217391304	-14.9608695652174	42
-91.2608695652174	-13.7130434782609	10-4	-92.5130434782608	-90.008695652174	-14.9608695652174	-12.4652173913044	43
-91.2608695652174	-11.2173913043478	10-5	-92.5130434782608	-90.008695652174	-12.4652173913043	-9.9695652173913	44
-91.2608695652174	-8.72173913043478	10-6	-92.5130434782608	-90.008695652174	-9.96956521739128	-7.47391304347828	45
-91.2608695652174	-6.22608695652174	10-7	-92.5130434782608	-90.008695652174	-7.47391304347824	-4.97826086956524	46
-91.2608695652174	-3.73043478260869	10-8	-92.5130434782608	-90.008695652174	-4.97826086956519	-2.48260869565219	47
-91.2608695652174	-1.23478260869565	10-9	-92.5130434782608	-90.008695652174	-2.48260869565215	0.0130434782608488	48
-88.7565217391304	-21.2	11-1	-90.0086956521738	-87.504347826087	-22.4478260869565	-19.9521739130435	49
-88.7565217391304	1.26086956521739	11-10	-90.0086956521738	-87.504347826087	0.0130434782608913	2.50869565217389	50
-88.7565217391304	3.75652173913044	11-11	-90.0086956521738	-87.504347826087	2.50869565217394	5.00434782608694	51
-88.7565217391304	6.25217391304348	11-12	-90.0086956521738	-87.504347826087	5.00434782608698	7.49999999999998	52
-88.7565217391304	8.74782608695653	11-13	-90.0086956521738	-87.504347826087	7.50000000000003	9.99565217391303	53
-88.7565217391304	11.2434782608696	11-14	-90.0086956521738	-87.504347826087	9.9956521739131	12.4913043478261	54
-88.7565217391304	13.7391304347826	11-15	-90.0086956521738	-87.504347826087	12.4913043478261	14.9869565217391	55
-88.7565217391304	16.2347826086957	11-16	-90.0086956521738	-87.504347826087	14.9869565217392	17.4826086956522	56
-88.7565217391304	18.7304347826087	11-17	-90.0086956521738	-87.504347826087	17.4826086956522	19.9782608695652	57
-88.7565217391304	21.2260869565217	11-18	-90.0086956521738	-87.504347826087	19.9782608695652	22.4739130434782	58
-88.7565217391304	23.7217391304348	11-19	-90.0086956521738	-87.504347826087	22.4739130434783	24.9695652173913	59
-88.7565217391304	-18.704347826087	11-2	-90.0086956521738	-87.504347826087	-19.9521739130435	-17.4565217391305	60
-88.7565217391304	26.2173913043478	11-20	-90.0086956521738	-87.504347826087	24.9695652173913	27.4652173913043	61
-88.7565217391304	28.7130434782609	11-21	-90.0086956521738	-87.504347826087	27.4652173913044	29.9608695652174	62
-88.7565217391304	31.2086956521739	11-22	-90.0086956521738	-87.504347826087	29.9608695652174	32.4565217391304	63
-88.7565217391304	33.704347826087	11-23	-90.0086956521738	-87.504347826087	32.4565217391305	34.9521739130435	64
-88.7565217391304	36.2	11-24	-90.0086956521738	-87.504347826087	34.9521739130435	37.4478260869565	65
-88.7565217391304	-16.2086956521739	11-3	-90.0086956521738	-87.504347826087	-17.4565217391304	-14.9608695652174	66
-88.7565217391304	-13.7130434782609	11-4	-90.0086956521738	-87.504347826087	-14.9608695652174	-12.4652173913044	67
-88.7565217391304	-11.2173913043478	11-5	-90.0086956521738	-87.504347826087	-12.4652173913043	-9.9695652173913	68
-88.7565217391304	-8.72173913043478	11-6	-90.0086956521738	-87.504347826087	-9.96956521739128	-7.47391304347828	69
-88.7565217391304	-6.22608695652174	11-7	-90.0086956521738	-87.504347826087	-7.47391304347824	-4.97826086956524	70
-88.7565217391304	-3.73043478260869	11-8	-90.0086956521738	-87.504347826087	-4.97826086956519	-2.48260869565219	71
-88.7565217391304	-1.23478260869565	11-9	-90.0086956521738	-87.504347826087	-2.48260869565215	0.0130434782608488	72
-86.2521739130435	-21.2	12-1	-87.5043478260869	-85.0000000000002	-22.4478260869565	-19.9521739130435	73
-86.2521739130435	1.26086956521739	12-10	-87.5043478260869	-85.0000000000002	0.0130434782608913	2.50869565217389	74
-86.2521739130435	3.75652173913044	12-11	-87.5043478260869	-85.0000000000002	2.50869565217394	5.00434782608694	75
-86.2521739130435	6.25217391304348	12-12	-87.5043478260869	-85.0000000000002	5.00434782608698	7.49999999999998	76
-86.2521739130435	8.74782608695653	12-13	-87.5043478260869	-85.0000000000002	7.50000000000003	9.99565217391303	77
-86.2521739130435	11.2434782608696	12-14	-87.5043478260869	-85.0000000000002	9.9956521739131	12.4913043478261	78
-86.2521739130435	13.7391304347826	12-15	-87.5043478260869	-85.0000000000002	12.4913043478261	14.9869565217391	79
-86.2521739130435	16.2347826086957	12-16	-87.5043478260869	-85.0000000000002	14.9869565217392	17.4826086956522	80
-86.2521739130435	18.7304347826087	12-17	-87.5043478260869	-85.0000000000002	17.4826086956522	19.9782608695652	81
-86.2521739130435	21.2260869565217	12-18	-87.5043478260869	-85.0000000000002	19.9782608695652	22.4739130434782	82
-86.2521739130435	23.7217391304348	12-19	-87.5043478260869	-85.0000000000002	22.4739130434783	24.9695652173913	83
-86.2521739130435	-18.704347826087	12-2	-87.5043478260869	-85.0000000000002	-19.9521739130435	-17.4565217391305	84
-86.2521739130435	26.2173913043478	12-20	-87.5043478260869	-85.0000000000002	24.9695652173913	27.4652173913043	85
-86.2521739130435	28.7130434782609	12-21	-87.5043478260869	-85.0000000000002	27.4652173913044	29.9608695652174	86
-86.2521739130435	31.2086956521739	12-22	-87.5043478260869	-85.0000000000002	29.9608695652174	32.4565217391304	87
-86.2521739130435	33.704347826087	12-23	-87.5043478260869	-85.0000000000002	32.4565217391305	34.9521739130435	88
-86.2521739130435	36.2	12-24	-87.5043478260869	-85.0000000000002	34.9521739130435	37.4478260869565	89
-86.2521739130435	-16.2086956521739	12-3	-87.5043478260869	-85.0000000000002	-17.4565217391304	-14.9608695652174	90
-86.2521739130435	-13.7130434782609	12-4	-87.5043478260869	-85.0000000000002	-14.9608695652174	-12.4652173913044	91
-86.2521739130435	-11.2173913043478	12-5	-87.5043478260869	-85.0000000000002	-12.4652173913043	-9.9695652173913	92
-86.2521739130435	-8.72173913043478	12-6	-87.5043478260869	-85.0000000000002	-9.96956521739128	-7.47391304347828	93
-86.2521739130435	-6.22608695652174	12-7	-87.5043478260869	-85.0000000000002	-7.47391304347824	-4.97826086956524	94
-86.2521739130435	-3.73043478260869	12-8	-87.5043478260869	-85.0000000000002	-4.97826086956519	-2.48260869565219	95
-86.2521739130435	-1.23478260869565	12-9	-87.5043478260869	-85.0000000000002	-2.48260869565215	0.0130434782608488	96
-83.7478260869565	-21.2	13-1	-84.9999999999998	-82.4956521739131	-22.4478260869565	-19.9521739130435	97
-83.7478260869565	1.26086956521739	13-10	-84.9999999999998	-82.4956521739131	0.0130434782608913	2.50869565217389	98
-83.7478260869565	3.75652173913044	13-11	-84.9999999999998	-82.4956521739131	2.50869565217394	5.00434782608694	99
-83.7478260869565	6.25217391304348	13-12	-84.9999999999998	-82.4956521739131	5.00434782608698	7.49999999999998	100
-83.7478260869565	8.74782608695653	13-13	-84.9999999999998	-82.4956521739131	7.50000000000003	9.99565217391303	101
-83.7478260869565	11.2434782608696	13-14	-84.9999999999998	-82.4956521739131	9.9956521739131	12.4913043478261	102
-83.7478260869565	13.7391304347826	13-15	-84.9999999999998	-82.4956521739131	12.4913043478261	14.9869565217391	103
-83.7478260869565	16.2347826086957	13-16	-84.9999999999998	-82.4956521739131	14.9869565217392	17.4826086956522	104
-83.7478260869565	18.7304347826087	13-17	-84.9999999999998	-82.4956521739131	17.4826086956522	19.9782608695652	105
-83.7478260869565	21.2260869565217	13-18	-84.9999999999998	-82.4956521739131	19.9782608695652	22.4739130434782	106
-83.7478260869565	23.7217391304348	13-19	-84.9999999999998	-82.4956521739131	22.4739130434783	24.9695652173913	107
-83.7478260869565	-18.704347826087	13-2	-84.9999999999998	-82.4956521739131	-19.9521739130435	-17.4565217391305	108
-83.7478260869565	26.2173913043478	13-20	-84.9999999999998	-82.4956521739131	24.9695652173913	27.4652173913043	109
-83.7478260869565	28.7130434782609	13-21	-84.9999999999998	-82.4956521739131	27.4652173913044	29.9608695652174	110
-83.7478260869565	31.2086956521739	13-22	-84.9999999999998	-82.4956521739131	29.9608695652174	32.4565217391304	111
-83.7478260869565	33.704347826087	13-23	-84.9999999999998	-82.4956521739131	32.4565217391305	34.9521739130435	112
-83.7478260869565	36.2	13-24	-84.9999999999998	-82.4956521739131	34.9521739130435	37.4478260869565	113
-83.7478260869565	-16.2086956521739	13-3	-84.9999999999998	-82.4956521739131	-17.4565217391304	-14.9608695652174	114
-83.7478260869565	-13.7130434782609	13-4	-84.9999999999998	-82.4956521739131	-14.9608695652174	-12.4652173913044	115
-83.7478260869565	-11.2173913043478	13-5	-84.9999999999998	-82.4956521739131	-12.4652173913043	-9.9695652173913	116
-83.7478260869565	-8.72173913043478	13-6	-84.9999999999998	-82.4956521739131	-9.96956521739128	-7.47391304347828	117
-83.7478260869565	-6.22608695652174	13-7	-84.9999999999998	-82.4956521739131	-7.47391304347824	-4.97826086956524	118
-83.7478260869565	-3.73043478260869	13-8	-84.9999999999998	-82.4956521739131	-4.97826086956519	-2.48260869565219	119
-83.7478260869565	-1.23478260869565	13-9	-84.9999999999998	-82.4956521739131	-2.48260869565215	0.0130434782608488	120
-81.2434782608696	-21.2	14-1	-82.495652173913	-79.9913043478262	-22.4478260869565	-19.9521739130435	121
-81.2434782608696	1.26086956521739	14-10	-82.495652173913	-79.9913043478262	0.0130434782608913	2.50869565217389	122
-81.2434782608696	3.75652173913044	14-11	-82.495652173913	-79.9913043478262	2.50869565217394	5.00434782608694	123
-81.2434782608696	6.25217391304348	14-12	-82.495652173913	-79.9913043478262	5.00434782608698	7.49999999999998	124
-81.2434782608696	8.74782608695653	14-13	-82.495652173913	-79.9913043478262	7.50000000000003	9.99565217391303	125
-81.2434782608696	11.2434782608696	14-14	-82.495652173913	-79.9913043478262	9.9956521739131	12.4913043478261	126
-81.2434782608696	13.7391304347826	14-15	-82.495652173913	-79.9913043478262	12.4913043478261	14.9869565217391	127
-81.2434782608696	16.2347826086957	14-16	-82.495652173913	-79.9913043478262	14.9869565217392	17.4826086956522	128
-81.2434782608696	18.7304347826087	14-17	-82.495652173913	-79.9913043478262	17.4826086956522	19.9782608695652	129
-81.2434782608696	21.2260869565217	14-18	-82.495652173913	-79.9913043478262	19.9782608695652	22.4739130434782	130
-81.2434782608696	23.7217391304348	14-19	-82.495652173913	-79.9913043478262	22.4739130434783	24.9695652173913	131
-81.2434782608696	-18.704347826087	14-2	-82.495652173913	-79.9913043478262	-19.9521739130435	-17.4565217391305	132
-81.2434782608696	26.2173913043478	14-20	-82.495652173913	-79.9913043478262	24.9695652173913	27.4652173913043	133
-81.2434782608696	28.7130434782609	14-21	-82.495652173913	-79.9913043478262	27.4652173913044	29.9608695652174	134
-81.2434782608696	31.2086956521739	14-22	-82.495652173913	-79.9913043478262	29.9608695652174	32.4565217391304	135
-81.2434782608696	33.704347826087	14-23	-82.495652173913	-79.9913043478262	32.4565217391305	34.9521739130435	136
-81.2434782608696	36.2	14-24	-82.495652173913	-79.9913043478262	34.9521739130435	37.4478260869565	137
-81.2434782608696	-16.2086956521739	14-3	-82.495652173913	-79.9913043478262	-17.4565217391304	-14.9608695652174	138
-81.2434782608696	-13.7130434782609	14-4	-82.495652173913	-79.9913043478262	-14.9608695652174	-12.4652173913044	139
-81.2434782608696	-11.2173913043478	14-5	-82.495652173913	-79.9913043478262	-12.4652173913043	-9.9695652173913	140
-81.2434782608696	-8.72173913043478	14-6	-82.495652173913	-79.9913043478262	-9.96956521739128	-7.47391304347828	141
-81.2434782608696	-6.22608695652174	14-7	-82.495652173913	-79.9913043478262	-7.47391304347824	-4.97826086956524	142
-81.2434782608696	-3.73043478260869	14-8	-82.495652173913	-79.9913043478262	-4.97826086956519	-2.48260869565219	143
-81.2434782608696	-1.23478260869565	14-9	-82.495652173913	-79.9913043478262	-2.48260869565215	0.0130434782608488	144
-78.7391304347826	-21.2	15-1	-79.991304347826	-77.4869565217392	-22.4478260869565	-19.9521739130435	145
-78.7391304347826	1.26086956521739	15-10	-79.991304347826	-77.4869565217392	0.0130434782608913	2.50869565217389	146
-78.7391304347826	3.75652173913044	15-11	-79.991304347826	-77.4869565217392	2.50869565217394	5.00434782608694	147
-78.7391304347826	6.25217391304348	15-12	-79.991304347826	-77.4869565217392	5.00434782608698	7.49999999999998	148
-78.7391304347826	8.74782608695653	15-13	-79.991304347826	-77.4869565217392	7.50000000000003	9.99565217391303	149
-78.7391304347826	11.2434782608696	15-14	-79.991304347826	-77.4869565217392	9.9956521739131	12.4913043478261	150
-78.7391304347826	13.7391304347826	15-15	-79.991304347826	-77.4869565217392	12.4913043478261	14.9869565217391	151
-78.7391304347826	16.2347826086957	15-16	-79.991304347826	-77.4869565217392	14.9869565217392	17.4826086956522	152
-78.7391304347826	18.7304347826087	15-17	-79.991304347826	-77.4869565217392	17.4826086956522	19.9782608695652	153
-78.7391304347826	21.2260869565217	15-18	-79.991304347826	-77.4869565217392	19.9782608695652	22.4739130434782	154
-78.7391304347826	23.7217391304348	15-19	-79.991304347826	-77.4869565217392	22.4739130434783	24.9695652173913	155
-78.7391304347826	-18.704347826087	15-2	-79.991304347826	-77.4869565217392	-19.9521739130435	-17.4565217391305	156
-78.7391304347826	26.2173913043478	15-20	-79.991304347826	-77.4869565217392	24.9695652173913	27.4652173913043	157
-78.7391304347826	28.7130434782609	15-21	-79.991304347826	-77.4869565217392	27.4652173913044	29.9608695652174	158
-78.7391304347826	31.2086956521739	15-22	-79.991304347826	-77.4869565217392	29.9608695652174	32.4565217391304	159
-78.7391304347826	33.704347826087	15-23	-79.991304347826	-77.4869565217392	32.4565217391305	34.9521739130435	160
-78.7391304347826	36.2	15-24	-79.991304347826	-77.4869565217392	34.9521739130435	37.4478260869565	161
-78.7391304347826	-16.2086956521739	15-3	-79.991304347826	-77.4869565217392	-17.4565217391304	-14.9608695652174	162
-78.7391304347826	-13.7130434782609	15-4	-79.991304347826	-77.4869565217392	-14.9608695652174	-12.4652173913044	163
-78.7391304347826	-11.2173913043478	15-5	-79.991304347826	-77.4869565217392	-12.4652173913043	-9.9695652173913	164
-78.7391304347826	-8.72173913043478	15-6	-79.991304347826	-77.4869565217392	-9.96956521739128	-7.47391304347828	165
-78.7391304347826	-6.22608695652174	15-7	-79.991304347826	-77.4869565217392	-7.47391304347824	-4.97826086956524	166
-78.7391304347826	-3.73043478260869	15-8	-79.991304347826	-77.4869565217392	-4.97826086956519	-2.48260869565219	167
-78.7391304347826	-1.23478260869565	15-9	-79.991304347826	-77.4869565217392	-2.48260869565215	0.0130434782608488	168
-76.2347826086957	-21.2	16-1	-77.486956521739	-74.9826086956523	-22.4478260869565	-19.9521739130435	169
-76.2347826086957	1.26086956521739	16-10	-77.486956521739	-74.9826086956523	0.0130434782608913	2.50869565217389	170
-76.2347826086957	3.75652173913044	16-11	-77.486956521739	-74.9826086956523	2.50869565217394	5.00434782608694	171
-76.2347826086957	6.25217391304348	16-12	-77.486956521739	-74.9826086956523	5.00434782608698	7.49999999999998	172
-76.2347826086957	8.74782608695653	16-13	-77.486956521739	-74.9826086956523	7.50000000000003	9.99565217391303	173
-76.2347826086957	11.2434782608696	16-14	-77.486956521739	-74.9826086956523	9.9956521739131	12.4913043478261	174
-76.2347826086957	13.7391304347826	16-15	-77.486956521739	-74.9826086956523	12.4913043478261	14.9869565217391	175
-76.2347826086957	16.2347826086957	16-16	-77.486956521739	-74.9826086956523	14.9869565217392	17.4826086956522	176
-76.2347826086957	18.7304347826087	16-17	-77.486956521739	-74.9826086956523	17.4826086956522	19.9782608695652	177
-76.2347826086957	21.2260869565217	16-18	-77.486956521739	-74.9826086956523	19.9782608695652	22.4739130434782	178
-76.2347826086957	23.7217391304348	16-19	-77.486956521739	-74.9826086956523	22.4739130434783	24.9695652173913	179
-76.2347826086957	-18.704347826087	16-2	-77.486956521739	-74.9826086956523	-19.9521739130435	-17.4565217391305	180
-76.2347826086957	26.2173913043478	16-20	-77.486956521739	-74.9826086956523	24.9695652173913	27.4652173913043	181
-76.2347826086957	28.7130434782609	16-21	-77.486956521739	-74.9826086956523	27.4652173913044	29.9608695652174	182
-76.2347826086957	31.2086956521739	16-22	-77.486956521739	-74.9826086956523	29.9608695652174	32.4565217391304	183
-76.2347826086957	33.704347826087	16-23	-77.486956521739	-74.9826086956523	32.4565217391305	34.9521739130435	184
-76.2347826086957	36.2	16-24	-77.486956521739	-74.9826086956523	34.9521739130435	37.4478260869565	185
-76.2347826086957	-16.2086956521739	16-3	-77.486956521739	-74.9826086956523	-17.4565217391304	-14.9608695652174	186
-76.2347826086957	-13.7130434782609	16-4	-77.486956521739	-74.9826086956523	-14.9608695652174	-12.4652173913044	187
-76.2347826086957	-11.2173913043478	16-5	-77.486956521739	-74.9826086956523	-12.4652173913043	-9.9695652173913	188
-76.2347826086957	-8.72173913043478	16-6	-77.486956521739	-74.9826086956523	-9.96956521739128	-7.47391304347828	189
-76.2347826086957	-6.22608695652174	16-7	-77.486956521739	-74.9826086956523	-7.47391304347824	-4.97826086956524	190
-76.2347826086957	-3.73043478260869	16-8	-77.486956521739	-74.9826086956523	-4.97826086956519	-2.48260869565219	191
-76.2347826086957	-1.23478260869565	16-9	-77.486956521739	-74.9826086956523	-2.48260869565215	0.0130434782608488	192
-73.7304347826087	-21.2	17-1	-74.982608695652	-72.4782608695653	-22.4478260869565	-19.9521739130435	193
-73.7304347826087	1.26086956521739	17-10	-74.982608695652	-72.4782608695653	0.0130434782608913	2.50869565217389	194
-73.7304347826087	3.75652173913044	17-11	-74.982608695652	-72.4782608695653	2.50869565217394	5.00434782608694	195
-73.7304347826087	6.25217391304348	17-12	-74.982608695652	-72.4782608695653	5.00434782608698	7.49999999999998	196
-73.7304347826087	8.74782608695653	17-13	-74.982608695652	-72.4782608695653	7.50000000000003	9.99565217391303	197
-73.7304347826087	11.2434782608696	17-14	-74.982608695652	-72.4782608695653	9.9956521739131	12.4913043478261	198
-73.7304347826087	13.7391304347826	17-15	-74.982608695652	-72.4782608695653	12.4913043478261	14.9869565217391	199
-73.7304347826087	16.2347826086957	17-16	-74.982608695652	-72.4782608695653	14.9869565217392	17.4826086956522	200
-73.7304347826087	18.7304347826087	17-17	-74.982608695652	-72.4782608695653	17.4826086956522	19.9782608695652	201
-73.7304347826087	21.2260869565217	17-18	-74.982608695652	-72.4782608695653	19.9782608695652	22.4739130434782	202
-73.7304347826087	23.7217391304348	17-19	-74.982608695652	-72.4782608695653	22.4739130434783	24.9695652173913	203
-73.7304347826087	-18.704347826087	17-2	-74.982608695652	-72.4782608695653	-19.9521739130435	-17.4565217391305	204
-73.7304347826087	26.2173913043478	17-20	-74.982608695652	-72.4782608695653	24.9695652173913	27.4652173913043	205
-73.7304347826087	28.7130434782609	17-21	-74.982608695652	-72.4782608695653	27.4652173913044	29.9608695652174	206
-73.7304347826087	31.2086956521739	17-22	-74.982608695652	-72.4782608695653	29.9608695652174	32.4565217391304	207
-73.7304347826087	33.704347826087	17-23	-74.982608695652	-72.4782608695653	32.4565217391305	34.9521739130435	208
-73.7304347826087	36.2	17-24	-74.982608695652	-72.4782608695653	34.9521739130435	37.4478260869565	209
-73.7304347826087	-16.2086956521739	17-3	-74.982608695652	-72.4782608695653	-17.4565217391304	-14.9608695652174	210
-73.7304347826087	-13.7130434782609	17-4	-74.982608695652	-72.4782608695653	-14.9608695652174	-12.4652173913044	211
-73.7304347826087	-11.2173913043478	17-5	-74.982608695652	-72.4782608695653	-12.4652173913043	-9.9695652173913	212
-73.7304347826087	-8.72173913043478	17-6	-74.982608695652	-72.4782608695653	-9.96956521739128	-7.47391304347828	213
-73.7304347826087	-6.22608695652174	17-7	-74.982608695652	-72.4782608695653	-7.47391304347824	-4.97826086956524	214
-73.7304347826087	-3.73043478260869	17-8	-74.982608695652	-72.4782608695653	-4.97826086956519	-2.48260869565219	215
-73.7304347826087	-1.23478260869565	17-9	-74.982608695652	-72.4782608695653	-2.48260869565215	0.0130434782608488	216
-71.2260869565217	-21.2	18-1	-72.478260869565	-69.9739130434783	-22.4478260869565	-19.9521739130435	217
-71.2260869565217	1.26086956521739	18-10	-72.478260869565	-69.9739130434783	0.0130434782608913	2.50869565217389	218
-71.2260869565217	3.75652173913044	18-11	-72.478260869565	-69.9739130434783	2.50869565217394	5.00434782608694	219
-71.2260869565217	6.25217391304348	18-12	-72.478260869565	-69.9739130434783	5.00434782608698	7.49999999999998	220
-71.2260869565217	8.74782608695653	18-13	-72.478260869565	-69.9739130434783	7.50000000000003	9.99565217391303	221
-71.2260869565217	11.2434782608696	18-14	-72.478260869565	-69.9739130434783	9.9956521739131	12.4913043478261	222
-71.2260869565217	13.7391304347826	18-15	-72.478260869565	-69.9739130434783	12.4913043478261	14.9869565217391	223
-71.2260869565217	16.2347826086957	18-16	-72.478260869565	-69.9739130434783	14.9869565217392	17.4826086956522	224
-71.2260869565217	18.7304347826087	18-17	-72.478260869565	-69.9739130434783	17.4826086956522	19.9782608695652	225
-71.2260869565217	21.2260869565217	18-18	-72.478260869565	-69.9739130434783	19.9782608695652	22.4739130434782	226
-71.2260869565217	23.7217391304348	18-19	-72.478260869565	-69.9739130434783	22.4739130434783	24.9695652173913	227
-71.2260869565217	-18.704347826087	18-2	-72.478260869565	-69.9739130434783	-19.9521739130435	-17.4565217391305	228
-71.2260869565217	26.2173913043478	18-20	-72.478260869565	-69.9739130434783	24.9695652173913	27.4652173913043	229
-71.2260869565217	28.7130434782609	18-21	-72.478260869565	-69.9739130434783	27.4652173913044	29.9608695652174	230
-71.2260869565217	31.2086956521739	18-22	-72.478260869565	-69.9739130434783	29.9608695652174	32.4565217391304	231
-71.2260869565217	33.704347826087	18-23	-72.478260869565	-69.9739130434783	32.4565217391305	34.9521739130435	232
-71.2260869565217	36.2	18-24	-72.478260869565	-69.9739130434783	34.9521739130435	37.4478260869565	233
-71.2260869565217	-16.2086956521739	18-3	-72.478260869565	-69.9739130434783	-17.4565217391304	-14.9608695652174	234
-71.2260869565217	-13.7130434782609	18-4	-72.478260869565	-69.9739130434783	-14.9608695652174	-12.4652173913044	235
-71.2260869565217	-11.2173913043478	18-5	-72.478260869565	-69.9739130434783	-12.4652173913043	-9.9695652173913	236
-71.2260869565217	-8.72173913043478	18-6	-72.478260869565	-69.9739130434783	-9.96956521739128	-7.47391304347828	237
-71.2260869565217	-6.22608695652174	18-7	-72.478260869565	-69.9739130434783	-7.47391304347824	-4.97826086956524	238
-71.2260869565217	-3.73043478260869	18-8	-72.478260869565	-69.9739130434783	-4.97826086956519	-2.48260869565219	239
-71.2260869565217	-1.23478260869565	18-9	-72.478260869565	-69.9739130434783	-2.48260869565215	0.0130434782608488	240
-68.7217391304348	-21.2	19-1	-69.9739130434781	-67.4695652173914	-22.4478260869565	-19.9521739130435	241
-68.7217391304348	1.26086956521739	19-10	-69.9739130434781	-67.4695652173914	0.0130434782608913	2.50869565217389	242
-68.7217391304348	3.75652173913044	19-11	-69.9739130434781	-67.4695652173914	2.50869565217394	5.00434782608694	243
-68.7217391304348	6.25217391304348	19-12	-69.9739130434781	-67.4695652173914	5.00434782608698	7.49999999999998	244
-68.7217391304348	8.74782608695653	19-13	-69.9739130434781	-67.4695652173914	7.50000000000003	9.99565217391303	245
-68.7217391304348	11.2434782608696	19-14	-69.9739130434781	-67.4695652173914	9.9956521739131	12.4913043478261	246
-68.7217391304348	13.7391304347826	19-15	-69.9739130434781	-67.4695652173914	12.4913043478261	14.9869565217391	247
-68.7217391304348	16.2347826086957	19-16	-69.9739130434781	-67.4695652173914	14.9869565217392	17.4826086956522	248
-68.7217391304348	18.7304347826087	19-17	-69.9739130434781	-67.4695652173914	17.4826086956522	19.9782608695652	249
-68.7217391304348	21.2260869565217	19-18	-69.9739130434781	-67.4695652173914	19.9782608695652	22.4739130434782	250
-68.7217391304348	23.7217391304348	19-19	-69.9739130434781	-67.4695652173914	22.4739130434783	24.9695652173913	251
-68.7217391304348	-18.704347826087	19-2	-69.9739130434781	-67.4695652173914	-19.9521739130435	-17.4565217391305	252
-68.7217391304348	26.2173913043478	19-20	-69.9739130434781	-67.4695652173914	24.9695652173913	27.4652173913043	253
-68.7217391304348	28.7130434782609	19-21	-69.9739130434781	-67.4695652173914	27.4652173913044	29.9608695652174	254
-68.7217391304348	31.2086956521739	19-22	-69.9739130434781	-67.4695652173914	29.9608695652174	32.4565217391304	255
-68.7217391304348	33.704347826087	19-23	-69.9739130434781	-67.4695652173914	32.4565217391305	34.9521739130435	256
-68.7217391304348	36.2	19-24	-69.9739130434781	-67.4695652173914	34.9521739130435	37.4478260869565	257
-68.7217391304348	-16.2086956521739	19-3	-69.9739130434781	-67.4695652173914	-17.4565217391304	-14.9608695652174	258
-68.7217391304348	-13.7130434782609	19-4	-69.9739130434781	-67.4695652173914	-14.9608695652174	-12.4652173913044	259
-68.7217391304348	-11.2173913043478	19-5	-69.9739130434781	-67.4695652173914	-12.4652173913043	-9.9695652173913	260
-68.7217391304348	-8.72173913043478	19-6	-69.9739130434781	-67.4695652173914	-9.96956521739128	-7.47391304347828	261
-68.7217391304348	-6.22608695652174	19-7	-69.9739130434781	-67.4695652173914	-7.47391304347824	-4.97826086956524	262
-68.7217391304348	-3.73043478260869	19-8	-69.9739130434781	-67.4695652173914	-4.97826086956519	-2.48260869565219	263
-68.7217391304348	-1.23478260869565	19-9	-69.9739130434781	-67.4695652173914	-2.48260869565215	0.0130434782608488	264
-111.295652173913	-21.2	2-1	-112.547826086956	-110.04347826087	-22.4478260869565	-19.9521739130435	265
-111.295652173913	1.26086956521739	2-10	-112.547826086956	-110.04347826087	0.0130434782608913	2.50869565217389	266
-111.295652173913	3.75652173913044	2-11	-112.547826086956	-110.04347826087	2.50869565217394	5.00434782608694	267
-111.295652173913	6.25217391304348	2-12	-112.547826086956	-110.04347826087	5.00434782608698	7.49999999999998	268
-111.295652173913	8.74782608695653	2-13	-112.547826086956	-110.04347826087	7.50000000000003	9.99565217391303	269
-111.295652173913	11.2434782608696	2-14	-112.547826086956	-110.04347826087	9.9956521739131	12.4913043478261	270
-111.295652173913	13.7391304347826	2-15	-112.547826086956	-110.04347826087	12.4913043478261	14.9869565217391	271
-111.295652173913	16.2347826086957	2-16	-112.547826086956	-110.04347826087	14.9869565217392	17.4826086956522	272
-111.295652173913	18.7304347826087	2-17	-112.547826086956	-110.04347826087	17.4826086956522	19.9782608695652	273
-111.295652173913	21.2260869565217	2-18	-112.547826086956	-110.04347826087	19.9782608695652	22.4739130434782	274
-111.295652173913	23.7217391304348	2-19	-112.547826086956	-110.04347826087	22.4739130434783	24.9695652173913	275
-111.295652173913	-18.704347826087	2-2	-112.547826086956	-110.04347826087	-19.9521739130435	-17.4565217391305	276
-111.295652173913	26.2173913043478	2-20	-112.547826086956	-110.04347826087	24.9695652173913	27.4652173913043	277
-111.295652173913	28.7130434782609	2-21	-112.547826086956	-110.04347826087	27.4652173913044	29.9608695652174	278
-111.295652173913	31.2086956521739	2-22	-112.547826086956	-110.04347826087	29.9608695652174	32.4565217391304	279
-111.295652173913	33.704347826087	2-23	-112.547826086956	-110.04347826087	32.4565217391305	34.9521739130435	280
-111.295652173913	36.2	2-24	-112.547826086956	-110.04347826087	34.9521739130435	37.4478260869565	281
-111.295652173913	-16.2086956521739	2-3	-112.547826086956	-110.04347826087	-17.4565217391304	-14.9608695652174	282
-111.295652173913	-13.7130434782609	2-4	-112.547826086956	-110.04347826087	-14.9608695652174	-12.4652173913044	283
-111.295652173913	-11.2173913043478	2-5	-112.547826086956	-110.04347826087	-12.4652173913043	-9.9695652173913	284
-111.295652173913	-8.72173913043478	2-6	-112.547826086956	-110.04347826087	-9.96956521739128	-7.47391304347828	285
-111.295652173913	-6.22608695652174	2-7	-112.547826086956	-110.04347826087	-7.47391304347824	-4.97826086956524	286
-111.295652173913	-3.73043478260869	2-8	-112.547826086956	-110.04347826087	-4.97826086956519	-2.48260869565219	287
-111.295652173913	-1.23478260869565	2-9	-112.547826086956	-110.04347826087	-2.48260869565215	0.0130434782608488	288
-66.2173913043478	-21.2	20-1	-67.4695652173911	-64.9652173913044	-22.4478260869565	-19.9521739130435	289
-66.2173913043478	1.26086956521739	20-10	-67.4695652173911	-64.9652173913044	0.0130434782608913	2.50869565217389	290
-66.2173913043478	3.75652173913044	20-11	-67.4695652173911	-64.9652173913044	2.50869565217394	5.00434782608694	291
-66.2173913043478	6.25217391304348	20-12	-67.4695652173911	-64.9652173913044	5.00434782608698	7.49999999999998	292
-66.2173913043478	8.74782608695653	20-13	-67.4695652173911	-64.9652173913044	7.50000000000003	9.99565217391303	293
-66.2173913043478	11.2434782608696	20-14	-67.4695652173911	-64.9652173913044	9.9956521739131	12.4913043478261	294
-66.2173913043478	13.7391304347826	20-15	-67.4695652173911	-64.9652173913044	12.4913043478261	14.9869565217391	295
-66.2173913043478	16.2347826086957	20-16	-67.4695652173911	-64.9652173913044	14.9869565217392	17.4826086956522	296
-66.2173913043478	18.7304347826087	20-17	-67.4695652173911	-64.9652173913044	17.4826086956522	19.9782608695652	297
-66.2173913043478	21.2260869565217	20-18	-67.4695652173911	-64.9652173913044	19.9782608695652	22.4739130434782	298
-66.2173913043478	23.7217391304348	20-19	-67.4695652173911	-64.9652173913044	22.4739130434783	24.9695652173913	299
-66.2173913043478	-18.704347826087	20-2	-67.4695652173911	-64.9652173913044	-19.9521739130435	-17.4565217391305	300
-66.2173913043478	26.2173913043478	20-20	-67.4695652173911	-64.9652173913044	24.9695652173913	27.4652173913043	301
-66.2173913043478	28.7130434782609	20-21	-67.4695652173911	-64.9652173913044	27.4652173913044	29.9608695652174	302
-66.2173913043478	31.2086956521739	20-22	-67.4695652173911	-64.9652173913044	29.9608695652174	32.4565217391304	303
-66.2173913043478	33.704347826087	20-23	-67.4695652173911	-64.9652173913044	32.4565217391305	34.9521739130435	304
-66.2173913043478	36.2	20-24	-67.4695652173911	-64.9652173913044	34.9521739130435	37.4478260869565	305
-66.2173913043478	-16.2086956521739	20-3	-67.4695652173911	-64.9652173913044	-17.4565217391304	-14.9608695652174	306
-66.2173913043478	-13.7130434782609	20-4	-67.4695652173911	-64.9652173913044	-14.9608695652174	-12.4652173913044	307
-66.2173913043478	-11.2173913043478	20-5	-67.4695652173911	-64.9652173913044	-12.4652173913043	-9.9695652173913	308
-66.2173913043478	-8.72173913043478	20-6	-67.4695652173911	-64.9652173913044	-9.96956521739128	-7.47391304347828	309
-66.2173913043478	-6.22608695652174	20-7	-67.4695652173911	-64.9652173913044	-7.47391304347824	-4.97826086956524	310
-66.2173913043478	-3.73043478260869	20-8	-67.4695652173911	-64.9652173913044	-4.97826086956519	-2.48260869565219	311
-66.2173913043478	-1.23478260869565	20-9	-67.4695652173911	-64.9652173913044	-2.48260869565215	0.0130434782608488	312
-63.7130434782609	-21.2	21-1	-64.9652173913043	-62.4608695652175	-22.4478260869565	-19.9521739130435	313
-63.7130434782609	1.26086956521739	21-10	-64.9652173913043	-62.4608695652175	0.0130434782608913	2.50869565217389	314
-63.7130434782609	3.75652173913044	21-11	-64.9652173913043	-62.4608695652175	2.50869565217394	5.00434782608694	315
-63.7130434782609	6.25217391304348	21-12	-64.9652173913043	-62.4608695652175	5.00434782608698	7.49999999999998	316
-63.7130434782609	8.74782608695653	21-13	-64.9652173913043	-62.4608695652175	7.50000000000003	9.99565217391303	317
-63.7130434782609	11.2434782608696	21-14	-64.9652173913043	-62.4608695652175	9.9956521739131	12.4913043478261	318
-63.7130434782609	13.7391304347826	21-15	-64.9652173913043	-62.4608695652175	12.4913043478261	14.9869565217391	319
-63.7130434782609	16.2347826086957	21-16	-64.9652173913043	-62.4608695652175	14.9869565217392	17.4826086956522	320
-63.7130434782609	18.7304347826087	21-17	-64.9652173913043	-62.4608695652175	17.4826086956522	19.9782608695652	321
-63.7130434782609	21.2260869565217	21-18	-64.9652173913043	-62.4608695652175	19.9782608695652	22.4739130434782	322
-63.7130434782609	23.7217391304348	21-19	-64.9652173913043	-62.4608695652175	22.4739130434783	24.9695652173913	323
-63.7130434782609	-18.704347826087	21-2	-64.9652173913043	-62.4608695652175	-19.9521739130435	-17.4565217391305	324
-63.7130434782609	26.2173913043478	21-20	-64.9652173913043	-62.4608695652175	24.9695652173913	27.4652173913043	325
-63.7130434782609	28.7130434782609	21-21	-64.9652173913043	-62.4608695652175	27.4652173913044	29.9608695652174	326
-63.7130434782609	31.2086956521739	21-22	-64.9652173913043	-62.4608695652175	29.9608695652174	32.4565217391304	327
-63.7130434782609	33.704347826087	21-23	-64.9652173913043	-62.4608695652175	32.4565217391305	34.9521739130435	328
-63.7130434782609	36.2	21-24	-64.9652173913043	-62.4608695652175	34.9521739130435	37.4478260869565	329
-63.7130434782609	-16.2086956521739	21-3	-64.9652173913043	-62.4608695652175	-17.4565217391304	-14.9608695652174	330
-63.7130434782609	-13.7130434782609	21-4	-64.9652173913043	-62.4608695652175	-14.9608695652174	-12.4652173913044	331
-63.7130434782609	-11.2173913043478	21-5	-64.9652173913043	-62.4608695652175	-12.4652173913043	-9.9695652173913	332
-63.7130434782609	-8.72173913043478	21-6	-64.9652173913043	-62.4608695652175	-9.96956521739128	-7.47391304347828	333
-63.7130434782609	-6.22608695652174	21-7	-64.9652173913043	-62.4608695652175	-7.47391304347824	-4.97826086956524	334
-63.7130434782609	-3.73043478260869	21-8	-64.9652173913043	-62.4608695652175	-4.97826086956519	-2.48260869565219	335
-63.7130434782609	-1.23478260869565	21-9	-64.9652173913043	-62.4608695652175	-2.48260869565215	0.0130434782608488	336
-61.2086956521739	-21.2	22-1	-62.4608695652173	-59.9565217391306	-22.4478260869565	-19.9521739130435	337
-61.2086956521739	1.26086956521739	22-10	-62.4608695652173	-59.9565217391306	0.0130434782608913	2.50869565217389	338
-61.2086956521739	3.75652173913044	22-11	-62.4608695652173	-59.9565217391306	2.50869565217394	5.00434782608694	339
-61.2086956521739	6.25217391304348	22-12	-62.4608695652173	-59.9565217391306	5.00434782608698	7.49999999999998	340
-61.2086956521739	8.74782608695653	22-13	-62.4608695652173	-59.9565217391306	7.50000000000003	9.99565217391303	341
-61.2086956521739	11.2434782608696	22-14	-62.4608695652173	-59.9565217391306	9.9956521739131	12.4913043478261	342
-61.2086956521739	13.7391304347826	22-15	-62.4608695652173	-59.9565217391306	12.4913043478261	14.9869565217391	343
-61.2086956521739	16.2347826086957	22-16	-62.4608695652173	-59.9565217391306	14.9869565217392	17.4826086956522	344
-61.2086956521739	18.7304347826087	22-17	-62.4608695652173	-59.9565217391306	17.4826086956522	19.9782608695652	345
-61.2086956521739	21.2260869565217	22-18	-62.4608695652173	-59.9565217391306	19.9782608695652	22.4739130434782	346
-61.2086956521739	23.7217391304348	22-19	-62.4608695652173	-59.9565217391306	22.4739130434783	24.9695652173913	347
-61.2086956521739	-18.704347826087	22-2	-62.4608695652173	-59.9565217391306	-19.9521739130435	-17.4565217391305	348
-61.2086956521739	26.2173913043478	22-20	-62.4608695652173	-59.9565217391306	24.9695652173913	27.4652173913043	349
-61.2086956521739	28.7130434782609	22-21	-62.4608695652173	-59.9565217391306	27.4652173913044	29.9608695652174	350
-61.2086956521739	31.2086956521739	22-22	-62.4608695652173	-59.9565217391306	29.9608695652174	32.4565217391304	351
-61.2086956521739	33.704347826087	22-23	-62.4608695652173	-59.9565217391306	32.4565217391305	34.9521739130435	352
-61.2086956521739	36.2	22-24	-62.4608695652173	-59.9565217391306	34.9521739130435	37.4478260869565	353
-61.2086956521739	-16.2086956521739	22-3	-62.4608695652173	-59.9565217391306	-17.4565217391304	-14.9608695652174	354
-61.2086956521739	-13.7130434782609	22-4	-62.4608695652173	-59.9565217391306	-14.9608695652174	-12.4652173913044	355
-61.2086956521739	-11.2173913043478	22-5	-62.4608695652173	-59.9565217391306	-12.4652173913043	-9.9695652173913	356
-61.2086956521739	-8.72173913043478	22-6	-62.4608695652173	-59.9565217391306	-9.96956521739128	-7.47391304347828	357
-61.2086956521739	-6.22608695652174	22-7	-62.4608695652173	-59.9565217391306	-7.47391304347824	-4.97826086956524	358
-61.2086956521739	-3.73043478260869	22-8	-62.4608695652173	-59.9565217391306	-4.97826086956519	-2.48260869565219	359
-61.2086956521739	-1.23478260869565	22-9	-62.4608695652173	-59.9565217391306	-2.48260869565215	0.0130434782608488	360
-58.704347826087	-21.2	23-1	-59.9565217391304	-57.4521739130437	-22.4478260869565	-19.9521739130435	361
-58.704347826087	1.26086956521739	23-10	-59.9565217391304	-57.4521739130437	0.0130434782608913	2.50869565217389	362
-58.704347826087	3.75652173913044	23-11	-59.9565217391304	-57.4521739130437	2.50869565217394	5.00434782608694	363
-58.704347826087	6.25217391304348	23-12	-59.9565217391304	-57.4521739130437	5.00434782608698	7.49999999999998	364
-58.704347826087	8.74782608695653	23-13	-59.9565217391304	-57.4521739130437	7.50000000000003	9.99565217391303	365
-58.704347826087	11.2434782608696	23-14	-59.9565217391304	-57.4521739130437	9.9956521739131	12.4913043478261	366
-58.704347826087	13.7391304347826	23-15	-59.9565217391304	-57.4521739130437	12.4913043478261	14.9869565217391	367
-58.704347826087	16.2347826086957	23-16	-59.9565217391304	-57.4521739130437	14.9869565217392	17.4826086956522	368
-58.704347826087	18.7304347826087	23-17	-59.9565217391304	-57.4521739130437	17.4826086956522	19.9782608695652	369
-58.704347826087	21.2260869565217	23-18	-59.9565217391304	-57.4521739130437	19.9782608695652	22.4739130434782	370
-58.704347826087	23.7217391304348	23-19	-59.9565217391304	-57.4521739130437	22.4739130434783	24.9695652173913	371
-58.704347826087	-18.704347826087	23-2	-59.9565217391304	-57.4521739130437	-19.9521739130435	-17.4565217391305	372
-58.704347826087	26.2173913043478	23-20	-59.9565217391304	-57.4521739130437	24.9695652173913	27.4652173913043	373
-58.704347826087	28.7130434782609	23-21	-59.9565217391304	-57.4521739130437	27.4652173913044	29.9608695652174	374
-58.704347826087	31.2086956521739	23-22	-59.9565217391304	-57.4521739130437	29.9608695652174	32.4565217391304	375
-58.704347826087	33.704347826087	23-23	-59.9565217391304	-57.4521739130437	32.4565217391305	34.9521739130435	376
-58.704347826087	36.2	23-24	-59.9565217391304	-57.4521739130437	34.9521739130435	37.4478260869565	377
-58.704347826087	-16.2086956521739	23-3	-59.9565217391304	-57.4521739130437	-17.4565217391304	-14.9608695652174	378
-58.704347826087	-13.7130434782609	23-4	-59.9565217391304	-57.4521739130437	-14.9608695652174	-12.4652173913044	379
-58.704347826087	-11.2173913043478	23-5	-59.9565217391304	-57.4521739130437	-12.4652173913043	-9.9695652173913	380
-58.704347826087	-8.72173913043478	23-6	-59.9565217391304	-57.4521739130437	-9.96956521739128	-7.47391304347828	381
-58.704347826087	-6.22608695652174	23-7	-59.9565217391304	-57.4521739130437	-7.47391304347824	-4.97826086956524	382
-58.704347826087	-3.73043478260869	23-8	-59.9565217391304	-57.4521739130437	-4.97826086956519	-2.48260869565219	383
-58.704347826087	-1.23478260869565	23-9	-59.9565217391304	-57.4521739130437	-2.48260869565215	0.0130434782608488	384
-56.2	-21.2	24-1	-57.4521739130434	-54.9478260869567	-22.4478260869565	-19.9521739130435	385
-56.2	1.26086956521739	24-10	-57.4521739130434	-54.9478260869567	0.0130434782608913	2.50869565217389	386
-56.2	3.75652173913044	24-11	-57.4521739130434	-54.9478260869567	2.50869565217394	5.00434782608694	387
-56.2	6.25217391304348	24-12	-57.4521739130434	-54.9478260869567	5.00434782608698	7.49999999999998	388
-56.2	8.74782608695653	24-13	-57.4521739130434	-54.9478260869567	7.50000000000003	9.99565217391303	389
-56.2	11.2434782608696	24-14	-57.4521739130434	-54.9478260869567	9.9956521739131	12.4913043478261	390
-56.2	13.7391304347826	24-15	-57.4521739130434	-54.9478260869567	12.4913043478261	14.9869565217391	391
-56.2	16.2347826086957	24-16	-57.4521739130434	-54.9478260869567	14.9869565217392	17.4826086956522	392
-56.2	18.7304347826087	24-17	-57.4521739130434	-54.9478260869567	17.4826086956522	19.9782608695652	393
-56.2	21.2260869565217	24-18	-57.4521739130434	-54.9478260869567	19.9782608695652	22.4739130434782	394
-56.2	23.7217391304348	24-19	-57.4521739130434	-54.9478260869567	22.4739130434783	24.9695652173913	395
-56.2	-18.704347826087	24-2	-57.4521739130434	-54.9478260869567	-19.9521739130435	-17.4565217391305	396
-56.2	26.2173913043478	24-20	-57.4521739130434	-54.9478260869567	24.9695652173913	27.4652173913043	397
-56.2	28.7130434782609	24-21	-57.4521739130434	-54.9478260869567	27.4652173913044	29.9608695652174	398
-56.2	31.2086956521739	24-22	-57.4521739130434	-54.9478260869567	29.9608695652174	32.4565217391304	399
-56.2	33.704347826087	24-23	-57.4521739130434	-54.9478260869567	32.4565217391305	34.9521739130435	400
-56.2	36.2	24-24	-57.4521739130434	-54.9478260869567	34.9521739130435	37.4478260869565	401
-56.2	-16.2086956521739	24-3	-57.4521739130434	-54.9478260869567	-17.4565217391304	-14.9608695652174	402
-56.2	-13.7130434782609	24-4	-57.4521739130434	-54.9478260869567	-14.9608695652174	-12.4652173913044	403
-56.2	-11.2173913043478	24-5	-57.4521739130434	-54.9478260869567	-12.4652173913043	-9.9695652173913	404
-56.2	-8.72173913043478	24-6	-57.4521739130434	-54.9478260869567	-9.96956521739128	-7.47391304347828	405
-56.2	-6.22608695652174	24-7	-57.4521739130434	-54.9478260869567	-7.47391304347824	-4.97826086956524	406
-56.2	-3.73043478260869	24-8	-57.4521739130434	-54.9478260869567	-4.97826086956519	-2.48260869565219	407
-56.2	-1.23478260869565	24-9	-57.4521739130434	-54.9478260869567	-2.48260869565215	0.0130434782608488	408
-108.791304347826	-21.2	3-1	-110.043478260869	-107.539130434783	-22.4478260869565	-19.9521739130435	409
-108.791304347826	1.26086956521739	3-10	-110.043478260869	-107.539130434783	0.0130434782608913	2.50869565217389	410
-108.791304347826	3.75652173913044	3-11	-110.043478260869	-107.539130434783	2.50869565217394	5.00434782608694	411
-108.791304347826	6.25217391304348	3-12	-110.043478260869	-107.539130434783	5.00434782608698	7.49999999999998	412
-108.791304347826	8.74782608695653	3-13	-110.043478260869	-107.539130434783	7.50000000000003	9.99565217391303	413
-108.791304347826	11.2434782608696	3-14	-110.043478260869	-107.539130434783	9.9956521739131	12.4913043478261	414
-108.791304347826	13.7391304347826	3-15	-110.043478260869	-107.539130434783	12.4913043478261	14.9869565217391	415
-108.791304347826	16.2347826086957	3-16	-110.043478260869	-107.539130434783	14.9869565217392	17.4826086956522	416
-108.791304347826	18.7304347826087	3-17	-110.043478260869	-107.539130434783	17.4826086956522	19.9782608695652	417
-108.791304347826	21.2260869565217	3-18	-110.043478260869	-107.539130434783	19.9782608695652	22.4739130434782	418
-108.791304347826	23.7217391304348	3-19	-110.043478260869	-107.539130434783	22.4739130434783	24.9695652173913	419
-108.791304347826	-18.704347826087	3-2	-110.043478260869	-107.539130434783	-19.9521739130435	-17.4565217391305	420
-108.791304347826	26.2173913043478	3-20	-110.043478260869	-107.539130434783	24.9695652173913	27.4652173913043	421
-108.791304347826	28.7130434782609	3-21	-110.043478260869	-107.539130434783	27.4652173913044	29.9608695652174	422
-108.791304347826	31.2086956521739	3-22	-110.043478260869	-107.539130434783	29.9608695652174	32.4565217391304	423
-108.791304347826	33.704347826087	3-23	-110.043478260869	-107.539130434783	32.4565217391305	34.9521739130435	424
-108.791304347826	36.2	3-24	-110.043478260869	-107.539130434783	34.9521739130435	37.4478260869565	425
-108.791304347826	-16.2086956521739	3-3	-110.043478260869	-107.539130434783	-17.4565217391304	-14.9608695652174	426
-108.791304347826	-13.7130434782609	3-4	-110.043478260869	-107.539130434783	-14.9608695652174	-12.4652173913044	427
-108.791304347826	-11.2173913043478	3-5	-110.043478260869	-107.539130434783	-12.4652173913043	-9.9695652173913	428
-108.791304347826	-8.72173913043478	3-6	-110.043478260869	-107.539130434783	-9.96956521739128	-7.47391304347828	429
-108.791304347826	-6.22608695652174	3-7	-110.043478260869	-107.539130434783	-7.47391304347824	-4.97826086956524	430
-108.791304347826	-3.73043478260869	3-8	-110.043478260869	-107.539130434783	-4.97826086956519	-2.48260869565219	431
-108.791304347826	-1.23478260869565	3-9	-110.043478260869	-107.539130434783	-2.48260869565215	0.0130434782608488	432
-106.286956521739	-21.2	4-1	-107.539130434782	-105.034782608696	-22.4478260869565	-19.9521739130435	433
-106.286956521739	1.26086956521739	4-10	-107.539130434782	-105.034782608696	0.0130434782608913	2.50869565217389	434
-106.286956521739	3.75652173913044	4-11	-107.539130434782	-105.034782608696	2.50869565217394	5.00434782608694	435
-106.286956521739	6.25217391304348	4-12	-107.539130434782	-105.034782608696	5.00434782608698	7.49999999999998	436
-106.286956521739	8.74782608695653	4-13	-107.539130434782	-105.034782608696	7.50000000000003	9.99565217391303	437
-106.286956521739	11.2434782608696	4-14	-107.539130434782	-105.034782608696	9.9956521739131	12.4913043478261	438
-106.286956521739	13.7391304347826	4-15	-107.539130434782	-105.034782608696	12.4913043478261	14.9869565217391	439
-106.286956521739	16.2347826086957	4-16	-107.539130434782	-105.034782608696	14.9869565217392	17.4826086956522	440
-106.286956521739	18.7304347826087	4-17	-107.539130434782	-105.034782608696	17.4826086956522	19.9782608695652	441
-106.286956521739	21.2260869565217	4-18	-107.539130434782	-105.034782608696	19.9782608695652	22.4739130434782	442
-106.286956521739	23.7217391304348	4-19	-107.539130434782	-105.034782608696	22.4739130434783	24.9695652173913	443
-106.286956521739	-18.704347826087	4-2	-107.539130434782	-105.034782608696	-19.9521739130435	-17.4565217391305	444
-106.286956521739	26.2173913043478	4-20	-107.539130434782	-105.034782608696	24.9695652173913	27.4652173913043	445
-106.286956521739	28.7130434782609	4-21	-107.539130434782	-105.034782608696	27.4652173913044	29.9608695652174	446
-106.286956521739	31.2086956521739	4-22	-107.539130434782	-105.034782608696	29.9608695652174	32.4565217391304	447
-106.286956521739	33.704347826087	4-23	-107.539130434782	-105.034782608696	32.4565217391305	34.9521739130435	448
-106.286956521739	36.2	4-24	-107.539130434782	-105.034782608696	34.9521739130435	37.4478260869565	449
-106.286956521739	-16.2086956521739	4-3	-107.539130434782	-105.034782608696	-17.4565217391304	-14.9608695652174	450
-106.286956521739	-13.7130434782609	4-4	-107.539130434782	-105.034782608696	-14.9608695652174	-12.4652173913044	451
-106.286956521739	-11.2173913043478	4-5	-107.539130434782	-105.034782608696	-12.4652173913043	-9.9695652173913	452
-106.286956521739	-8.72173913043478	4-6	-107.539130434782	-105.034782608696	-9.96956521739128	-7.47391304347828	453
-106.286956521739	-6.22608695652174	4-7	-107.539130434782	-105.034782608696	-7.47391304347824	-4.97826086956524	454
-106.286956521739	-3.73043478260869	4-8	-107.539130434782	-105.034782608696	-4.97826086956519	-2.48260869565219	455
-106.286956521739	-1.23478260869565	4-9	-107.539130434782	-105.034782608696	-2.48260869565215	0.0130434782608488	456
-103.782608695652	-21.2	5-1	-105.034782608695	-102.530434782609	-22.4478260869565	-19.9521739130435	457
-103.782608695652	1.26086956521739	5-10	-105.034782608695	-102.530434782609	0.0130434782608913	2.50869565217389	458
-103.782608695652	3.75652173913044	5-11	-105.034782608695	-102.530434782609	2.50869565217394	5.00434782608694	459
-103.782608695652	6.25217391304348	5-12	-105.034782608695	-102.530434782609	5.00434782608698	7.49999999999998	460
-103.782608695652	8.74782608695653	5-13	-105.034782608695	-102.530434782609	7.50000000000003	9.99565217391303	461
-103.782608695652	11.2434782608696	5-14	-105.034782608695	-102.530434782609	9.9956521739131	12.4913043478261	462
-103.782608695652	13.7391304347826	5-15	-105.034782608695	-102.530434782609	12.4913043478261	14.9869565217391	463
-103.782608695652	16.2347826086957	5-16	-105.034782608695	-102.530434782609	14.9869565217392	17.4826086956522	464
-103.782608695652	18.7304347826087	5-17	-105.034782608695	-102.530434782609	17.4826086956522	19.9782608695652	465
-103.782608695652	21.2260869565217	5-18	-105.034782608695	-102.530434782609	19.9782608695652	22.4739130434782	466
-103.782608695652	23.7217391304348	5-19	-105.034782608695	-102.530434782609	22.4739130434783	24.9695652173913	467
-103.782608695652	-18.704347826087	5-2	-105.034782608695	-102.530434782609	-19.9521739130435	-17.4565217391305	468
-103.782608695652	26.2173913043478	5-20	-105.034782608695	-102.530434782609	24.9695652173913	27.4652173913043	469
-103.782608695652	28.7130434782609	5-21	-105.034782608695	-102.530434782609	27.4652173913044	29.9608695652174	470
-103.782608695652	31.2086956521739	5-22	-105.034782608695	-102.530434782609	29.9608695652174	32.4565217391304	471
-103.782608695652	33.704347826087	5-23	-105.034782608695	-102.530434782609	32.4565217391305	34.9521739130435	472
-103.782608695652	36.2	5-24	-105.034782608695	-102.530434782609	34.9521739130435	37.4478260869565	473
-103.782608695652	-16.2086956521739	5-3	-105.034782608695	-102.530434782609	-17.4565217391304	-14.9608695652174	474
-103.782608695652	-13.7130434782609	5-4	-105.034782608695	-102.530434782609	-14.9608695652174	-12.4652173913044	475
-103.782608695652	-11.2173913043478	5-5	-105.034782608695	-102.530434782609	-12.4652173913043	-9.9695652173913	476
-103.782608695652	-8.72173913043478	5-6	-105.034782608695	-102.530434782609	-9.96956521739128	-7.47391304347828	477
-103.782608695652	-6.22608695652174	5-7	-105.034782608695	-102.530434782609	-7.47391304347824	-4.97826086956524	478
-103.782608695652	-3.73043478260869	5-8	-105.034782608695	-102.530434782609	-4.97826086956519	-2.48260869565219	479
-103.782608695652	-1.23478260869565	5-9	-105.034782608695	-102.530434782609	-2.48260869565215	0.0130434782608488	480
-101.278260869565	-21.2	6-1	-102.530434782608	-100.026086956522	-22.4478260869565	-19.9521739130435	481
-101.278260869565	1.26086956521739	6-10	-102.530434782608	-100.026086956522	0.0130434782608913	2.50869565217389	482
-101.278260869565	3.75652173913044	6-11	-102.530434782608	-100.026086956522	2.50869565217394	5.00434782608694	483
-101.278260869565	6.25217391304348	6-12	-102.530434782608	-100.026086956522	5.00434782608698	7.49999999999998	484
-101.278260869565	8.74782608695653	6-13	-102.530434782608	-100.026086956522	7.50000000000003	9.99565217391303	485
-101.278260869565	11.2434782608696	6-14	-102.530434782608	-100.026086956522	9.9956521739131	12.4913043478261	486
-101.278260869565	13.7391304347826	6-15	-102.530434782608	-100.026086956522	12.4913043478261	14.9869565217391	487
-101.278260869565	16.2347826086957	6-16	-102.530434782608	-100.026086956522	14.9869565217392	17.4826086956522	488
-101.278260869565	18.7304347826087	6-17	-102.530434782608	-100.026086956522	17.4826086956522	19.9782608695652	489
-101.278260869565	21.2260869565217	6-18	-102.530434782608	-100.026086956522	19.9782608695652	22.4739130434782	490
-101.278260869565	23.7217391304348	6-19	-102.530434782608	-100.026086956522	22.4739130434783	24.9695652173913	491
-101.278260869565	-18.704347826087	6-2	-102.530434782608	-100.026086956522	-19.9521739130435	-17.4565217391305	492
-101.278260869565	26.2173913043478	6-20	-102.530434782608	-100.026086956522	24.9695652173913	27.4652173913043	493
-101.278260869565	28.7130434782609	6-21	-102.530434782608	-100.026086956522	27.4652173913044	29.9608695652174	494
-101.278260869565	31.2086956521739	6-22	-102.530434782608	-100.026086956522	29.9608695652174	32.4565217391304	495
-101.278260869565	33.704347826087	6-23	-102.530434782608	-100.026086956522	32.4565217391305	34.9521739130435	496
-101.278260869565	36.2	6-24	-102.530434782608	-100.026086956522	34.9521739130435	37.4478260869565	497
-101.278260869565	-16.2086956521739	6-3	-102.530434782608	-100.026086956522	-17.4565217391304	-14.9608695652174	498
-101.278260869565	-13.7130434782609	6-4	-102.530434782608	-100.026086956522	-14.9608695652174	-12.4652173913044	499
-101.278260869565	-11.2173913043478	6-5	-102.530434782608	-100.026086956522	-12.4652173913043	-9.9695652173913	500
-101.278260869565	-8.72173913043478	6-6	-102.530434782608	-100.026086956522	-9.96956521739128	-7.47391304347828	501
-101.278260869565	-6.22608695652174	6-7	-102.530434782608	-100.026086956522	-7.47391304347824	-4.97826086956524	502
-101.278260869565	-3.73043478260869	6-8	-102.530434782608	-100.026086956522	-4.97826086956519	-2.48260869565219	503
-101.278260869565	-1.23478260869565	6-9	-102.530434782608	-100.026086956522	-2.48260869565215	0.0130434782608488	504
-98.7739130434783	-21.2	7-1	-100.026086956522	-97.521739130435	-22.4478260869565	-19.9521739130435	505
-98.7739130434783	1.26086956521739	7-10	-100.026086956522	-97.521739130435	0.0130434782608913	2.50869565217389	506
-98.7739130434783	3.75652173913044	7-11	-100.026086956522	-97.521739130435	2.50869565217394	5.00434782608694	507
-98.7739130434783	6.25217391304348	7-12	-100.026086956522	-97.521739130435	5.00434782608698	7.49999999999998	508
-98.7739130434783	8.74782608695653	7-13	-100.026086956522	-97.521739130435	7.50000000000003	9.99565217391303	509
-98.7739130434783	11.2434782608696	7-14	-100.026086956522	-97.521739130435	9.9956521739131	12.4913043478261	510
-98.7739130434783	13.7391304347826	7-15	-100.026086956522	-97.521739130435	12.4913043478261	14.9869565217391	511
-98.7739130434783	16.2347826086957	7-16	-100.026086956522	-97.521739130435	14.9869565217392	17.4826086956522	512
-98.7739130434783	18.7304347826087	7-17	-100.026086956522	-97.521739130435	17.4826086956522	19.9782608695652	513
-98.7739130434783	21.2260869565217	7-18	-100.026086956522	-97.521739130435	19.9782608695652	22.4739130434782	514
-98.7739130434783	23.7217391304348	7-19	-100.026086956522	-97.521739130435	22.4739130434783	24.9695652173913	515
-98.7739130434783	-18.704347826087	7-2	-100.026086956522	-97.521739130435	-19.9521739130435	-17.4565217391305	516
-98.7739130434783	26.2173913043478	7-20	-100.026086956522	-97.521739130435	24.9695652173913	27.4652173913043	517
-98.7739130434783	28.7130434782609	7-21	-100.026086956522	-97.521739130435	27.4652173913044	29.9608695652174	518
-98.7739130434783	31.2086956521739	7-22	-100.026086956522	-97.521739130435	29.9608695652174	32.4565217391304	519
-98.7739130434783	33.704347826087	7-23	-100.026086956522	-97.521739130435	32.4565217391305	34.9521739130435	520
-98.7739130434783	36.2	7-24	-100.026086956522	-97.521739130435	34.9521739130435	37.4478260869565	521
-98.7739130434783	-16.2086956521739	7-3	-100.026086956522	-97.521739130435	-17.4565217391304	-14.9608695652174	522
-98.7739130434783	-13.7130434782609	7-4	-100.026086956522	-97.521739130435	-14.9608695652174	-12.4652173913044	523
-98.7739130434783	-11.2173913043478	7-5	-100.026086956522	-97.521739130435	-12.4652173913043	-9.9695652173913	524
-98.7739130434783	-8.72173913043478	7-6	-100.026086956522	-97.521739130435	-9.96956521739128	-7.47391304347828	525
-98.7739130434783	-6.22608695652174	7-7	-100.026086956522	-97.521739130435	-7.47391304347824	-4.97826086956524	526
-98.7739130434783	-3.73043478260869	7-8	-100.026086956522	-97.521739130435	-4.97826086956519	-2.48260869565219	527
-98.7739130434783	-1.23478260869565	7-9	-100.026086956522	-97.521739130435	-2.48260869565215	0.0130434782608488	528
-96.2695652173913	-21.2	8-1	-97.5217391304347	-95.017391304348	-22.4478260869565	-19.9521739130435	529
-96.2695652173913	1.26086956521739	8-10	-97.5217391304347	-95.017391304348	0.0130434782608913	2.50869565217389	530
-96.2695652173913	3.75652173913044	8-11	-97.5217391304347	-95.017391304348	2.50869565217394	5.00434782608694	531
-96.2695652173913	6.25217391304348	8-12	-97.5217391304347	-95.017391304348	5.00434782608698	7.49999999999998	532
-96.2695652173913	8.74782608695653	8-13	-97.5217391304347	-95.017391304348	7.50000000000003	9.99565217391303	533
-96.2695652173913	11.2434782608696	8-14	-97.5217391304347	-95.017391304348	9.9956521739131	12.4913043478261	534
-96.2695652173913	13.7391304347826	8-15	-97.5217391304347	-95.017391304348	12.4913043478261	14.9869565217391	535
-96.2695652173913	16.2347826086957	8-16	-97.5217391304347	-95.017391304348	14.9869565217392	17.4826086956522	536
-96.2695652173913	18.7304347826087	8-17	-97.5217391304347	-95.017391304348	17.4826086956522	19.9782608695652	537
-96.2695652173913	21.2260869565217	8-18	-97.5217391304347	-95.017391304348	19.9782608695652	22.4739130434782	538
-96.2695652173913	23.7217391304348	8-19	-97.5217391304347	-95.017391304348	22.4739130434783	24.9695652173913	539
-96.2695652173913	-18.704347826087	8-2	-97.5217391304347	-95.017391304348	-19.9521739130435	-17.4565217391305	540
-96.2695652173913	26.2173913043478	8-20	-97.5217391304347	-95.017391304348	24.9695652173913	27.4652173913043	541
-96.2695652173913	28.7130434782609	8-21	-97.5217391304347	-95.017391304348	27.4652173913044	29.9608695652174	542
-96.2695652173913	31.2086956521739	8-22	-97.5217391304347	-95.017391304348	29.9608695652174	32.4565217391304	543
-96.2695652173913	33.704347826087	8-23	-97.5217391304347	-95.017391304348	32.4565217391305	34.9521739130435	544
-96.2695652173913	36.2	8-24	-97.5217391304347	-95.017391304348	34.9521739130435	37.4478260869565	545
-96.2695652173913	-16.2086956521739	8-3	-97.5217391304347	-95.017391304348	-17.4565217391304	-14.9608695652174	546
-96.2695652173913	-13.7130434782609	8-4	-97.5217391304347	-95.017391304348	-14.9608695652174	-12.4652173913044	547
-96.2695652173913	-11.2173913043478	8-5	-97.5217391304347	-95.017391304348	-12.4652173913043	-9.9695652173913	548
-96.2695652173913	-8.72173913043478	8-6	-97.5217391304347	-95.017391304348	-9.96956521739128	-7.47391304347828	549
-96.2695652173913	-6.22608695652174	8-7	-97.5217391304347	-95.017391304348	-7.47391304347824	-4.97826086956524	550
-96.2695652173913	-3.73043478260869	8-8	-97.5217391304347	-95.017391304348	-4.97826086956519	-2.48260869565219	551
-96.2695652173913	-1.23478260869565	8-9	-97.5217391304347	-95.017391304348	-2.48260869565215	0.0130434782608488	552
-93.7652173913043	-21.2	9-1	-95.0173913043477	-92.513043478261	-22.4478260869565	-19.9521739130435	553
-93.7652173913043	1.26086956521739	9-10	-95.0173913043477	-92.513043478261	0.0130434782608913	2.50869565217389	554
-93.7652173913043	3.75652173913044	9-11	-95.0173913043477	-92.513043478261	2.50869565217394	5.00434782608694	555
-93.7652173913043	6.25217391304348	9-12	-95.0173913043477	-92.513043478261	5.00434782608698	7.49999999999998	556
-93.7652173913043	8.74782608695653	9-13	-95.0173913043477	-92.513043478261	7.50000000000003	9.99565217391303	557
-93.7652173913043	11.2434782608696	9-14	-95.0173913043477	-92.513043478261	9.9956521739131	12.4913043478261	558
-93.7652173913043	13.7391304347826	9-15	-95.0173913043477	-92.513043478261	12.4913043478261	14.9869565217391	559
-93.7652173913043	16.2347826086957	9-16	-95.0173913043477	-92.513043478261	14.9869565217392	17.4826086956522	560
-93.7652173913043	18.7304347826087	9-17	-95.0173913043477	-92.513043478261	17.4826086956522	19.9782608695652	561
-93.7652173913043	21.2260869565217	9-18	-95.0173913043477	-92.513043478261	19.9782608695652	22.4739130434782	562
-93.7652173913043	23.7217391304348	9-19	-95.0173913043477	-92.513043478261	22.4739130434783	24.9695652173913	563
-93.7652173913043	-18.704347826087	9-2	-95.0173913043477	-92.513043478261	-19.9521739130435	-17.4565217391305	564
-93.7652173913043	26.2173913043478	9-20	-95.0173913043477	-92.513043478261	24.9695652173913	27.4652173913043	565
-93.7652173913043	28.7130434782609	9-21	-95.0173913043477	-92.513043478261	27.4652173913044	29.9608695652174	566
-93.7652173913043	31.2086956521739	9-22	-95.0173913043477	-92.513043478261	29.9608695652174	32.4565217391304	567
-93.7652173913043	33.704347826087	9-23	-95.0173913043477	-92.513043478261	32.4565217391305	34.9521739130435	568
-93.7652173913043	36.2	9-24	-95.0173913043477	-92.513043478261	34.9521739130435	37.4478260869565	569
-93.7652173913043	-16.2086956521739	9-3	-95.0173913043477	-92.513043478261	-17.4565217391304	-14.9608695652174	570
-93.7652173913043	-13.7130434782609	9-4	-95.0173913043477	-92.513043478261	-14.9608695652174	-12.4652173913044	571
-93.7652173913043	-11.2173913043478	9-5	-95.0173913043477	-92.513043478261	-12.4652173913043	-9.9695652173913	572
-93.7652173913043	-8.72173913043478	9-6	-95.0173913043477	-92.513043478261	-9.96956521739128	-7.47391304347828	573
-93.7652173913043	-6.22608695652174	9-7	-95.0173913043477	-92.513043478261	-7.47391304347824	-4.97826086956524	574
-93.7652173913043	-3.73043478260869	9-8	-95.0173913043477	-92.513043478261	-4.97826086956519	-2.48260869565219	575
-93.7652173913043	-1.23478260869565	9-9	-95.0173913043477	-92.513043478261	-2.48260869565215	0.0130434782608488	576
